{"cameraMode":{"drawMode":0,"name":"Shaded","section":"Shading Mode"},"sceneLighting":true,"audioPlay":false,"sceneViewState":{"m_AlwaysRefresh":false,"showFog":true,"showSkybox":true,"showFlares":true,"showImageEffects":true,"showParticleSystems":true,"showVisualEffectGraphs":true,"m_FxEnabled":true},"in2DMode":false,"pivot":{"x":-1.1981351375579835,"y":4.266025543212891,"z":-0.5004144310951233},"rotation":{"x":-0.014696624130010605,"y":-0.01714320294559002,"z":0.0002059444086626172,"w":0.9998846054077148},"size":17.207136154174806,"orthographic":false}